atom,orbital,Z,epsilon,npts,r_core_min,prob_rel_cut,alpha,fa_max_abs,fa_r_at_max,fa_tail_abs,fa_r_tail,fa_rms_P,fa_mean_P,fa_p99_abs,fa_Zeff_tail_err,cache_present,cache_max_abs,cache_r_at_max,cache_tail_abs,cache_r_tail,cache_rms_P,cache_mean_P,cache_p99_abs,cache_Zeff_tail_err
H,1s,1,-0.5,145,0.5,1e-06,0.6666666666666666,0.47953617046331165,0.5068710244526289,0.0008652122777328963,10.06847579778219,0.2844724610433286,0.2613824189537742,0.47464147563182013,9.141576384763539e-12,1,5.1808969865341226e-05,0.5068710244526289,4.796640762805282e-05,10.06847579778219,2.3690090746669763e-05,1.0824732566028863e-05,4.890960786042342e-05,0.0
He,1s,2,-0.9179556,127,0.5,1e-06,0.6666666666666666,0.6324963181508625,0.5068710244526289,1.9050686752675183e-05,6.929556614622749,0.3946601238391853,0.3640256559714108,0.6225185650593043,7.186382019908066e-05,1,0.0011631284427837674,6.929556614622749,0.0011631284427837674,6.929556614622749,0.00015601511583513303,4.206707016849173e-05,0.0008840424997209929,0.0
Li,1s,3,-2.4777413,104,0.5,1e-06,0.6666666666666666,0.454659510481473,4.299078931150038,0.454659510481473,4.299078931150038,0.16950285683449715,0.15574068789389187,0.38452055624517906,0.00014354030968499742,1,0.4489782521169081,4.299078931150038,0.4489782521169081,4.299078931150038,0.10408062494665836,0.09511742398119277,0.3782493460690186,0.0
Li,2s,3,-0.1963228,175,0.5,1e-06,0.6666666666666666,32.58165524357115,0.8341455606229362,0.0008656679904041342,18.766971841929244,0.1849147963351634,0.15582666646121657,5.053243654569471,0.00014354030968499742,1,32.02533473100365,0.8341455606229362,0.0004227205033819903,18.766971841929244,0.04859853044129077,0.017502689049149856,4.7993673577829,0.0
Be,1s,4,-4.7326699,86,0.5,1e-06,0.6666666666666666,0.1564173970251561,2.036380138391496,0.142840644673206,2.9588103941907598,0.023605460986116593,0.010023745311229097,0.15633288452774258,0.00021523141423784864,1,0.2434161767923455,1.3445342548355126,0.15536992600311184,2.9588103941907598,0.13776353591233778,0.12105525525353673,0.24336182180643462,0.0
Be,2s,4,-0.3092695,161,0.5,1e-06,0.6666666666666666,29.729833229072483,0.5861353420453874,0.002724356477475126,14.034382715043305,0.24866439857416703,0.2122269923096432,7.419245123182934,0.00021523141423784864,1,30.3108743182865,0.5861353420453874,0.0021655971680793473,14.034382715043305,0.07559377862801789,0.030835045938935348,7.549234120862063,0.0
B,1s,5,-7.6953347,75,0.5,1e-06,0.6666666666666666,1.188731159491467,2.3548285685485775,1.188731159491467,2.3548285685485775,0.07353865071668711,-0.04270432054661988,1.0823018697891476,0.0002869152339179948,1,1.1705355858786097,2.3548285685485775,1.1705355858786097,2.3548285685485775,0.3435974238484291,0.3427796639090954,1.0628407378765894,0.0
B,2s,5,-0.4947058,148,0.5,1e-06,0.6666666666666666,2.3332838765935535,0.5068710244526289,0.01868749393194985,10.715360276336359,0.30765033714400575,0.2671906636109549,1.8994502776755333,0.0002869152339179948,1,1.8211567073498744,0.5068710244526289,0.01871411890535546,10.715360276336359,0.17896403520278284,0.16143355223855121,1.40611005188766,0.0
B,2p,5,-0.3098564,159,0.5,1e-06,0.6666666666666666,0.9298834217212795,0.5068710244526289,0.0011273581655488474,13.463705930264092,0.2685510393074046,0.21788244016709596,0.8976377106917294,0.0002869152339179948,1,0.37539057006819565,0.5068710244526289,0.0006838135970151094,13.463705930264092,0.1161670275604062,0.10037798351048874,0.36228236831527455,0.0
C,1s,6,-11.3255187,67,0.5,1e-06,0.6666666666666666,3.306661012649812,1.9945480512017881,3.306661012649812,1.9945480512017881,0.07204429419014476,-0.011599331021267633,3.107011264914234,0.0003594540274542979,1,3.2859985915910492,1.9945480512017881,3.2859985915910492,1.9945480512017881,0.5006605614888219,0.49608987034677005,3.085039548345592,0.0
C,2s,6,-0.7056273,138,0.5,1e-06,0.6666666666666666,1.0950104834709604,0.5068710244526289,0.031457828612272754,8.706894596202622,0.3458090850072821,0.302615619406523,1.0248300109428081,0.0003594540274542979,1,0.6877499070555597,0.5068710244526289,0.031482967742080925,8.706894596202622,0.2245105259877472,0.20456252622141843,0.6313226184241486,0.0
C,2p,6,-0.4333405,149,0.5,1e-06,0.6666666666666666,0.8061679284430845,0.5068710244526289,0.0017357944776457135,10.940095842410463,0.292611486082659,0.2428271074956248,0.7792761888597854,0.0003594540274542979,1,0.36414842454029905,0.5068710244526289,0.001915803166937402,10.940095842410463,0.15144562947069276,0.1331482231977183,0.3518593865417614,0.0
N,1s,7,-15.6290601,60,0.5,1e-06,0.6666666666666666,5.916377187122519,1.7248211147014536,5.916377187122519,1.7248211147014536,0.09895774044966267,0.035493427363276125,5.647616191725227,0.00043038581101573214,1,5.893233867943373,1.7248211147014536,5.893233867943373,1.7248211147014536,0.5931599245257123,0.5702872336667967,5.623143927627796,0.0
N,2s,7,-0.9453239,131,0.5,1e-06,0.6666666666666666,0.8546725484794582,0.5068710244526289,0.06000899170712204,7.529442890062976,0.36255877298860917,0.3171569121808812,0.8235537062273701,0.00043038581101573214,1,0.5137520057318206,0.5068710244526289,0.06002971280669189,7.529442890062976,0.2472185355515158,0.22390071099144224,0.49384274745305606,0.0
N,2p,7,-0.5675889,140,0.5,1e-06,0.6666666666666666,0.7317574453342841,0.5068710244526289,0.003293950182697236,9.075947711244547,0.29534536732941885,0.2466558906649862,0.709831907967466,0.00043038581101573214,1,0.3719776244533852,0.5068710244526289,0.00346551737943096,9.075947711244547,0.1668176950011272,0.1451664082735348,0.3630239425187189,0.0
O,1s,8,-20.668657,54,0.5,1e-06,0.6666666666666666,9.10365292457817,1.5228529384611231,9.10365292457817,1.5228529384611231,0.21444984347277965,-0.049952378202154764,8.771054236846023,0.0005022623311443652,1,9.076331770187906,1.5228529384611231,9.076331770187906,1.5228529384611231,0.5566613569488823,0.46893687344380364,8.742356968805947,8.881784197001252e-16
O,2s,8,-1.2443146,124,0.5,1e-06,0.6666666666666666,0.6804853372083066,0.5068710244526289,0.11703944778207809,6.5112204596396035,0.31389269877725673,0.2677261791572208,0.6607588478405776,0.0005022623311443652,1,0.3920077105934219,0.5068710244526289,0.11705484631216734,6.5112204596396035,0.20124347304970278,0.175848025602274,0.3817521288508932,8.881784197001252e-16
O,2p,8,-0.6319062,136,0.5,1e-06,0.6666666666666666,0.7284080742597494,0.5068710244526289,0.004135282312173416,8.352848200685248,0.33689421951988574,0.29261169612210963,0.7084208453876375,0.0005022623311443652,1,0.41653656744789824,0.5068710244526289,0.0043245705790017075,8.352848200685248,0.21296359751276217,0.19118123786657154,0.4082054994071947,8.881784197001252e-16
F,1s,9,-26.38276,48,0.5,1e-06,0.6666666666666666,12.2880471348501,1.3445342548355126,12.2880471348501,1.3445342548355126,0.5068321552832136,-0.28554509977328907,11.913656637796448,0.000575590122956271,1,12.255317118297455,1.3445342548355126,12.255317118297455,1.3445342548355126,0.5469704386214076,0.19755537141489693,11.879493659656223,0.0
F,2s,9,-1.5725347,118,0.5,1e-06,0.6666666666666666,0.5241996721796944,0.5068710244526289,0.19261251276116909,5.7487881644159,0.2422653614620871,0.19397752897103052,0.5087600474833798,0.000575590122956271,1,0.2733195841996636,0.5068710244526289,0.19262752440927144,5.7487881644159,0.13411896789453898,0.10426932067464252,0.26640863191826375,0.0
F,2p,9,-0.7300174,132,0.5,1e-06,0.6666666666666666,0.6847470911177789,0.5068710244526289,0.005870979133785759,7.68735952249371,0.33613008692248114,0.2966574690450157,0.6648282899146203,0.000575590122956271,1,0.4127613935458525,0.5068710244526289,0.006064663882030863,7.68735952249371,0.2175126411390815,0.19707779589957647,0.40317105032429656,0.0
Ne,1s,10,-32.7724425,43,0.5,1e-06,0.6666666666666666,16.21711783024795,1.2119930402526504,16.21711783024795,1.2119930402526504,1.062855975619453,-0.7619723033236331,15.803465701592593,0.0006464451464935905,1,16.180492624965176,1.2119930402526504,16.180492624965176,1.2119930402526504,0.8872166535728039,-0.3231417081270647,15.765414518448907,0.0
Ne,2s,10,-1.9303907,113,0.5,1e-06,0.6666666666666666,0.35838112737918415,0.5068710244526289,0.2750050530833257,5.182085335573137,0.15505028318525435,0.09813080301990375,0.34507157064680855,0.0006464451464935905,1,0.2750200733924504,5.182085335573137,0.2750200733924504,5.182085335573137,0.06538934383036843,0.011152504219640067,0.26356065230305387,0.0
Ne,2p,10,-0.8504095,127,0.5,1e-06,0.6666666666666666,0.6013977461121556,0.5068710244526289,0.00726248817035835,6.929556614622749,0.30351015863076997,0.27070174839118466,0.5817325448532386,0.0006464451464935905,1,0.3613092768827979,0.5068710244526289,0.007487857603571402,6.929556614622749,0.19031815986508707,0.1736586981973031,0.3506437370574107,0.0
Na,1s,11,-40.4785011,38,0.5,1e-06,0.6666666666666666,19.022906625919756,1.0925174456046602,19.022906625919756,1.0925174456046602,1.8397309246293663,-1.464215545835562,18.59741572251624,0.0007180136022189032,1,18.938725896470256,1.0925174456046602,18.938725896470256,1.0925174456046602,1.5671125207983734,-1.0161301761612809,18.5115664294419,0.0
Na,2s,11,-2.7970265,104,0.5,1e-06,0.6666666666666666,0.38552138857697926,4.299078931150038,0.38552138857697926,4.299078931150038,0.08516394966465798,0.023958170738204304,0.34158410928246435,0.0007180136022189032,1,0.3835507180893427,4.299078931150038,0.3835507180893427,4.299078931150038,0.04634319254706088,-0.0005665593557472782,0.33942073294930164,0.0
Na,3s,11,-0.1821026,178,0.5,1e-06,0.6666666666666666,35.85036841275171,1.0265623531126216,0.004336545219804588,19.97272165330396,0.1987795805725088,0.16176924277028787,2.815154037619096,0.0007180136022189032,1,36.44181245645894,1.0265623531126216,0.003968566004848018,19.97272165330396,0.059616648166530055,0.029044526253979158,3.1493498054989226,0.0
Na,2p,11,-1.5181403,116,0.5,1e-06,0.6666666666666666,0.44572234670966626,0.5068710244526289,0.27378883139283217,5.515026551051236,0.23490259823359563,0.2132526366409786,0.42936886626636506,0.0007180136022189032,1,0.3461996076620695,0.5068710244526289,0.27323063774857526,5.515026551051236,0.20063262554296446,0.18820642897192455,0.33585861671473044,0.0
Mg,1s,12,-49.0317363,33,0.5,1e-06,0.6666666666666666,21.200588291665472,0.9848194909615314,21.200588291665472,0.9848194909615314,2.9146620397113185,-2.4642063437084762,20.774488537657902,0.0007901988962810691,1,21.07041988210202,0.9848194909615314,21.07041988210202,0.9848194909615314,2.585335677812635,-2.006532962343643,20.64242012647571,0.0
Mg,2s,12,-3.7677216,96,0.5,1e-06,0.6666666666666666,0.09203268688416322,1.2374124321307347,0.07207373813098572,3.641334922895508,0.0592781900011525,-0.04160648611596251,0.0920127599474108,0.0007901988962810691,1,0.0690199514020211,3.641334922895508,0.0690199514020211,3.641334922895508,0.02720091992913698,-0.007036133263603904,0.06094273950045148,0.0
Mg,3s,12,-0.2530524,167,0.5,1e-06,0.6666666666666666,15.111634300489111,0.8877381626075078,0.009415912524547293,15.895690928087461,0.24004003776636723,0.2001507056421793,4.056931358460488,0.0007901988962810691,1,15.707516096851947,0.8877381626075078,0.008927994609931517,15.895690928087461,0.08417522183567426,0.042933446003662785,4.011216959757822,0.0
Mg,2p,12,-2.282226,108,0.5,1e-06,0.6666666666666666,0.7427383681356567,4.671246818831197,0.7427383681356567,4.671246818831197,0.16873847327255942,0.15616807281214276,0.6884584036340106,0.0007901988962810691,1,0.7419598426566427,4.671246818831197,0.7419598426566427,4.671246818831197,0.2059800844821398,0.19672141108825852,0.6875655670695308,0.0
Al,1s,13,-58.5010265,29,0.5,1e-06,0.6666666666666666,24.10047034150115,0.9063568868831423,24.10047034150115,0.9063568868831423,4.384091767402483,-3.8611573124658163,23.66407363449284,0.000860774570581313,1,23.92516980140386,0.9063568868831423,23.92516980140386,0.9063568868831423,4.010775501476478,-3.388707253938626,23.486724848078453,0.0
Al,2s,13,-4.9106719,90,0.5,1e-06,0.6666666666666666,0.3986538422122443,3.2149522869288067,0.3986538422122443,3.2149522869288067,0.0961011969213068,-0.09449790205660871,0.34550250634053803,0.000860774570581313,1,0.39363765980597165,3.2149522869288067,0.39363765980597165,3.2149522869288067,0.0114806298051095,-0.0006593860489824027,0.34005040527583386,0.0
Al,3s,13,-0.3934208,156,0.5,1e-06,0.6666666666666666,11.627466816576852,0.7837883349108461,0.03516624606068519,12.65090429172851,0.2737335968821156,0.23376280175177985,5.707361978180242,0.000860774570581313,1,12.213323448701917,0.7837883349108461,0.035175537290007,12.65090429172851,0.1454539702057726,0.12253052275325839,5.35951221266627,0.0
Al,2p,13,-3.2183033,100,0.5,1e-06,0.6666666666666666,1.1910951342307874,3.956562428204682,1.1910951342307874,3.956562428204682,0.10878177503573587,0.10432557009411719,1.1030128886359547,0.000860774570581313,1,1.1893059371371437,3.956562428204682,1.1893059371371437,3.956562428204682,0.21473694833630677,0.2092562918314658,1.1010145473345738,0.0
Al,3p,13,-0.2099507,171,0.5,1e-06,0.6666666666666666,41.67515487844207,0.8170102285879015,0.005444906194311455,17.27176841135347,0.1975714648561854,0.16022737020589525,5.31835152201144,0.000860774570581313,1,41.02163552405277,0.8170102285879015,0.0050339871997518715,17.27176841135347,0.0821458041266661,0.061962273414719514,5.073074420041299,0.0
Si,1s,14,-68.8124558,25,0.5,1e-06,0.6666666666666666,26.364811060293732,0.8341455606229362,26.364811060293732,0.8341455606229362,6.293081365092279,-5.703310727837261,25.947046478661402,0.0009336939227608809,1,26.145413780149887,0.8341455606229362,26.145413780149887,0.8341455606229362,5.886747478052322,-5.218077764035292,25.7255192010214,0.0
Si,2s,14,-6.156538,86,0.5,1e-06,0.6666666666666666,1.1749090724179867,2.9588103941907598,1.1749090724179867,2.9588103941907598,0.13274594464185158,-0.12712945734650455,1.0522023723355818,0.0009336939227608809,1,1.1697351306608974,2.9588103941907598,1.1697351306608974,2.9588103941907598,0.025741442721698232,0.0184963146661993,1.0465612676500664,0.0
Si,3s,14,-0.5398424,148,0.5,1e-06,0.6666666666666666,21.211675256240397,0.706524213516131,0.02573089934553796,10.715360276336359,0.29485995912926566,0.251121410170909,5.810558736020839,0.0009336939227608809,1,21.7909670564301,0.706524213516131,0.025739934035788337,10.715360276336359,0.17457811306810167,0.1482286948281235,5.7924172849772955,0.0
Si,2p,14,-4.2560538,93,0.5,1e-06,0.6666666666666666,1.5708661430275384,3.4215081525310835,1.5708661430275384,3.4215081525310835,0.07000156994609875,0.06728346035463217,1.4602972959502858,0.0009336939227608809,1,1.5684538980247709,3.4215081525310835,1.5684538980247709,3.4215081525310835,0.22997905233011054,0.22750516721292233,1.4576139019112986,0.0
Si,3p,14,-0.2971145,161,0.5,1e-06,0.6666666666666666,12.483290351337441,0.706524213516131,0.0045939169426806314,14.034382715043305,0.22106400014702224,0.17992760776846253,7.336709980950241,0.0009336939227608809,1,13.155874750912378,0.706524213516131,0.004444285181769536,14.034382715043305,0.10341565358116017,0.08215298955761059,6.906967956099871,0.0
P,1s,15,-79.9697149,21,0.5,1e-06,0.6666666666666666,27.883317768574912,0.7676874599582125,27.883317768574912,0.7676874599582125,8.694795515718429,-8.064329141417979,27.508546218823117,0.0010055601820955218,1,27.61883725115119,0.7676874599582125,27.61883725115119,0.7676874599582125,8.261439762822803,-7.568490157670609,27.24194540826901,1.7763568394002505e-15
P,2s,15,-7.511096,81,0.5,1e-06,0.6666666666666666,2.008570813863571,2.667137406346789,2.008570813863571,2.667137406346789,0.15420569439118584,-0.13833383181208023,1.8438033991661604,0.0010055601820955218,1,2.002806640975783,2.667137406346789,2.002806640975783,2.667137406346789,0.06276727965919392,0.05158297352639085,1.8375248004776705,1.7763568394002505e-15
P,3s,15,-0.6964161,141,0.5,1e-06,0.6666666666666666,17.230518370396403,0.6502339693183983,0.02095463149220278,9.266299523404324,0.30563941502020936,0.2562149939862982,7.161665112251757,0.0010055601820955218,1,16.662644830552797,0.6502339693183983,0.02096516606167953,9.266299523404324,0.1880577011153745,0.15794095992445145,7.292168288990295,1.7763568394002505e-15
P,2p,15,-5.4009589,87,0.5,1e-06,0.6666666666666666,1.6121291816394958,3.0208661638239036,1.6121291816394958,3.0208661638239036,0.06765634805868995,0.0488677223169778,1.499146754100767,0.0010055601820955218,1,1.6092075884600918,3.0208661638239036,1.6092075884600918,3.0208661638239036,0.2565186884746714,0.255635370842493,1.495908252564638,1.7763568394002505e-15
P,3p,15,-0.3917087,153,0.5,1e-06,0.6666666666666666,62.6839121839589,0.6368766184066359,0.0036084905379252796,11.887171349956482,0.23449232478578044,0.18733735244809885,6.968341654622159,0.0010055601820955218,1,62.01077390588282,0.6368766184066359,0.0034839385602046247,11.887171349956482,0.11279653928085653,0.08787135248942285,6.958779857831647,1.7763568394002505e-15
S,1s,16,-92.0044503,17,0.5,1e-06,0.6666666666666666,28.412695802427727,0.706524213516131,28.412695802427727,0.706524213516131,11.587487000931384,-10.987373650787399,28.10058208040595,0.001077644698717961,1,28.098921328827878,0.706524213516131,28.098921328827878,0.706524213516131,11.127947667609282,-10.481391524529535,27.784807855491128,0.0
S,2s,16,-9.0042897,78,0.5,1e-06,0.6666666666666666,3.2862099632208857,2.5061227744685537,3.2862099632208857,2.5061227744685537,0.15858282530434833,-0.13144722400955444,3.066152442755998,0.001077644698717961,1,3.2804178585738573,2.5061227744685537,3.2804178585738573,2.5061227744685537,0.10786100541577633,0.09679712799156823,3.059849306147237,0.0
S,3s,16,-0.8795274,136,0.5,1e-06,0.6666666666666666,13.974779199699107,0.5861353420453874,0.09464838711260481,8.352848200685248,0.28599678408353973,0.22564834265123002,9.457222069742034,0.001077644698717961,1,14.55356580195535,0.5861353420453874,0.09465753018231948,8.352848200685248,0.1643265632589767,0.12557549551377917,9.063713580186068,0.0
S,2p,16,-6.682509,83,0.5,1e-06,0.6666666666666666,3.0524247790925214,2.780187513613095,3.0524247790925214,2.780187513613095,0.08038775239858659,0.043323563526693254,2.8740572958187585,0.001077644698717961,1,3.0491614644648317,2.780187513613095,3.0491614644648317,2.780187513613095,0.290463873383313,0.2893305756889682,2.8704557332963185,0.0
S,3p,16,-0.4373688,148,0.5,1e-06,0.6666666666666666,7.460569869565616,0.5861353420453874,0.0026765643553543494,10.940095842410463,0.2728505716939897,0.22668970162289012,5.508497729488856,0.001077644698717961,1,7.497631512615145,0.5623014592708085,0.0028146037690599535,10.940095842410463,0.14037793720544642,0.12038239615691335,5.3528392542257555,0.0
Cl,1s,17,-104.8844208,14,0.5,1e-06,0.6666666666666666,30.163186524878142,0.66387146683662,30.163186524878142,0.66387146683662,14.965151797029304,-14.422547336980024,29.8901532943581,0.0011493979826546763,1,29.810617505155506,0.66387146683662,29.810617505155506,0.66387146683662,14.48607241129764,-13.909669591657686,29.535748446667444,0.0
Cl,2s,17,-10.6074807,74,0.5,1e-06,0.6666666666666666,4.323292316867241,2.3064547938592614,4.323292316867241,2.3064547938592614,0.14584643100216263,-0.10269781225435452,4.066309826640934,0.0011493979826546763,1,4.316910905875759,2.3064547938592614,4.316910905875759,2.3064547938592614,0.16714623329328215,0.15671800842487313,4.059387403785748,0.0
Cl,3s,17,-1.0729121,131,0.5,1e-06,0.6666666666666666,17.261133152762916,0.550750451073637,0.169199539534864,7.529442890062976,0.25537007651429794,0.18170708637210073,9.379518648898125,0.0011493979826546763,1,16.69826978564536,0.550750451073637,0.16921052301930284,7.529442890062976,0.1311405346083475,0.07918748524358413,9.622217811209854,0.0
Cl,2p,17,-8.0722274,81,0.5,1e-06,0.6666666666666666,4.999646133900393,2.667137406346789,4.999646133900393,2.667137406346789,0.10318515259988122,0.05744515654303108,4.794320058387376,0.0011493979826546763,1,4.996858156752312,2.667137406346789,4.996858156752312,2.667137406346789,0.3372417379855602,0.33461483366917943,4.79123547914184,0.0
Cl,3p,17,-0.5063999,144,0.5,1e-06,0.6666666666666666,16.85083062527172,0.5283554157510282,0.000707157018076443,9.861645378696991,0.28625830221210763,0.23971962952535195,9.89321070952023,0.0011493979826546763,1,16.158069186448447,0.5283554157510282,0.000546726656039831,9.861645378696991,0.14492092522922398,0.1271097537872249,10.008377469657663,0.0
Ar,1s,18,-118.6103508,11,0.5,1e-06,0.6666666666666666,31.528976239957785,0.6237936592243106,31.528976239957785,0.6237936592243106,18.889769824295087,-18.449471528651717,31.310425488781146,0.0012208326241136547,1,31.136548126841944,0.6237936592243106,31.136548126841944,0.6237936592243106,18.394756829276684,-17.931858609968355,30.916412781088543,0.0
Ar,2s,18,-12.3221535,71,0.5,1e-06,0.6666666666666666,5.654619529123899,2.1672145099903846,5.654619529123899,2.1672145099903846,0.12402353617299927,-0.05244178616863339,5.373489791316821,0.0012208326241136547,1,5.648303196085147,2.1672145099903846,5.648303196085147,2.1672145099903846,0.24179703475519526,0.2318412326128222,5.366643576687384,0.0
Ar,3s,18,-1.277353,126,0.5,1e-06,0.6666666666666666,7.7790600271522745,0.5175017399553535,0.219929583137093,6.929556614622749,0.21453426165131648,0.12403995959849395,3.6607285408755654,0.0012208326241136547,1,7.226206517041559,0.5175017399553535,0.21994116027075272,6.929556614622749,0.09665755266822312,0.018590348619842934,3.12963354499212,0.0
Ar,2p,18,-9.5714658,72,0.5,1e-06,0.6666666666666666,2.322752199952207,2.212667968123966,2.322752199952207,2.212667968123966,0.14937763906712145,0.10571853566576267,2.180695027535936,0.0012208326241136547,1,2.317123742588251,2.212667968123966,2.317123742588251,2.212667968123966,0.40992843900019277,0.40766662886348626,2.1745783438471054,0.0
Ar,3p,18,-0.5910174,140,0.5,1e-06,0.6666666666666666,3.879986670249055,0.5068710244526289,0.0004910320628725429,9.075947711244547,0.2863751846194507,0.23628231060879282,2.707667016971612,0.0012208326241136547,1,3.2153760487703504,0.5068710244526289,0.0003277635886984043,9.075947711244547,0.13708725108495468,0.11768211667363186,2.0680335619787074,0.0
K,1s,19,-133.5330493,8,0.5,1e-06,0.6666666666666666,32.101408850224715,0.5861353420453874,32.101408850224715,0.5861353420453874,22.943798985265236,-22.6603279130548,31.94574575460264,0.0012909364419471103,1,31.649352193417187,0.5861353420453874,31.649352193417187,0.5861353420453874,22.41686338640853,-22.120622184111426,31.492451157269798,0.0
K,2s,19,-14.4899575,68,0.5,1e-06,0.6666666666666666,6.513704613753539,2.036380138391496,6.513704613753539,2.036380138391496,0.12370126621040385,0.01996005200648939,6.230284696248489,0.0012909364419471103,1,6.4956399885428215,2.036380138391496,6.4956399885428215,2.036380138391496,0.35257274059347643,0.342673872382845,6.2115018844704455,0.0
K,3s,19,-1.7487797,120,0.5,1e-06,0.6666666666666666,2.387274593196622,0.5068710244526289,0.40446651215291074,5.992458069495393,0.18755313029550746,0.10142126019927777,1.8052028316792739,0.0012909364419471103,1,1.909857435800454,0.5068710244526289,0.4039960050015077,5.992458069495393,0.0821767028151217,0.013735749160797117,1.3475730704036892,0.0
K,4s,19,-0.1474751,184,0.5,1e-06,0.6666666666666666,8.55687207469206,1.5874010519681985,0.008203137868951355,22.621601308715636,0.16847165281263013,0.13400969114933992,2.113992374769842,0.0012909364419471103,1,8.188884055807717,1.5874010519681985,0.007864180143152405,22.621601308715636,0.04828325572363737,0.030166385764989624,1.274298942616246,0.0
K,2p,19,-11.5192795,68,0.5,1e-06,0.6666666666666666,2.4243949383973753,2.036380138391496,2.4243949383973753,2.036380138391496,0.20663382974262384,0.1677872016557515,2.2881108443697866,0.0012909364419471103,1,2.4063303555649664,2.036380138391496,2.4063303555649664,2.036380138391496,0.5097055983920763,0.5064814348743827,2.2693280943833667,0.0
K,3p,19,-0.9544227,132,0.5,1e-06,0.6666666666666666,1.799842105502739,0.5068710244526289,0.2643210595291179,7.68735952249371,0.2808656786766013,0.23684331515060916,1.5358026700909235,0.0012909364419471103,1,1.2442751643195695,0.5068710244526289,0.26422171243238113,7.68735952249371,0.148093159511525,0.13428227204916643,1.002460646373656,0.0
Ca,1s,20,-149.363726,5,0.5,1e-06,0.6666666666666666,31.557626081417254,0.550750451073637,31.557626081417254,0.550750451073637,26.598389042251444,-26.489292271431278,31.471856649159175,0.0013641896829348354,1,31.04264846536654,0.550750451073637,31.04264846536654,0.550750451073637,26.038757242008106,-25.92502501164476,30.956093281531825,0.0
Ca,2s,20,-16.8227434,64,0.5,1e-06,0.6666666666666666,6.962042470827891,1.8741375243712293,6.962042470827891,1.8741375243712293,0.17760460647111445,0.12056274407795675,6.652200438190495,0.0013641896829348354,1,6.932985970940356,1.8741375243712293,6.932985970940356,1.8741375243712293,0.4881934156975957,0.4778506933012764,6.6221725509243745,0.0
Ca,3s,20,-2.2453758,112,0.5,1e-06,0.6666666666666666,1.1803385557453812,0.5068710244526289,0.05408557088508781,5.07563298834418,0.1510304116657176,0.07679659326865457,1.0019954057333125,0.0013641896829348354,1,0.7890792345225233,0.5068710244526289,0.05325843729970092,5.07563298834418,0.058312821549301,0.007123090646378099,0.6274234346316587,0.0
Ca,4s,20,-0.1955295,175,0.5,1e-06,0.6666666666666666,4.5241314646193125,1.401524097717501,0.011382372564447518,18.766971841929244,0.1992488050315916,0.16280703370551047,1.8858082111259944,0.0013641896829348354,1,4.89814992116089,1.401524097717501,0.01097758238388491,18.766971841929244,0.06420359349505932,0.04114214728179258,1.4516008398373865,0.0
Ca,2p,20,-13.6292687,64,0.5,1e-06,0.6666666666666666,2.3339475880651364,1.8741375243712293,2.3339475880651364,1.8741375243712293,0.290231487517824,0.2596011035194103,2.21874506668635,0.0013641896829348354,1,2.304891194886597,1.8741375243712293,2.304891194886597,1.8741375243712293,0.634155471540898,0.6303863353292096,2.188717302982817,0.0
Ca,3p,20,-1.340707,126,0.5,1e-06,0.6666666666666666,1.1901068615090953,0.5068710244526289,0.5867888375016733,6.787207054722854,0.26733803795686445,0.2311389312449676,1.063260053062073,0.0013641896829348354,1,0.7314262609350042,0.5068710244526289,0.586669924345702,6.787207054722854,0.1539993287445901,0.14535035730486282,0.6284680755938503,0.0
Sc,1s,21,-165.8998988,2,0.5,1e-06,0.6666666666666666,30.994845247720477,0.5175017399553535,30.994845247720477,0.5175017399553535,29.73574710098263,-29.715850863776257,30.972806920070646,0.0014372051927686869,1,30.424493358375273,0.5175017399553535,30.424493358375273,0.5175017399553535,29.15358986018582,-29.13289392565827,30.402237833372286,0.0
Sc,2s,21,-19.0806199,61,0.5,1e-06,0.6666666666666666,7.994179770893647,1.7609961605788256,7.994179770893647,1.7609961605788256,0.3086834305169305,0.27620727983400634,7.659419347301735,0.0014372051927686869,1,7.96247968603525,1.7609961605788256,7.96247968603525,1.7609961605788256,0.6662791223775829,0.6546393236212599,7.626678673456565,0.0
Sc,3s,21,-2.567324,109,0.5,1e-06,0.6666666666666666,0.7474828863749359,0.5068710244526289,0.1315452665453849,4.769217887561404,0.13709691049380562,0.07896137507626885,0.6591124976277529,0.0014372051927686869,1,0.4107420825866548,0.5068710244526289,0.13069569801497138,4.769217887561404,0.045533818968182656,0.019765955301300837,0.33684650354402884,0.0
Sc,4s,21,-0.2101086,172,0.5,1e-06,0.6666666666666666,6.828802455196905,1.3169143261603808,0.013851189440491574,17.634012941721558,0.21842339548755377,0.18002445722479263,1.7470226367992072,0.0014372051927686869,1,6.434905617711061,1.3169143261603808,0.013428717905712872,17.634012941721558,0.09103532606960223,0.07214091655818743,1.6322879521486133,0.0
Sc,2p,21,-15.6682466,61,0.5,1e-06,0.6666666666666666,3.3090451148955715,1.7609961605788256,3.3090451148955715,1.7609961605788256,0.42175018494946076,0.40172322526613596,3.1357150611552345,0.0014372051927686869,1,3.277345143143391,1.7609961605788256,3.277345143143391,1.7609961605788256,0.7943703359998731,0.7900506305671698,3.102974511204776,0.0
Sc,3p,21,-1.5745484,122,0.5,1e-06,0.6666666666666666,0.8785455757346341,0.5068710244526289,0.7088321110945983,6.246456242192916,0.26396154266899335,0.23532651110562117,0.8033369211577074,0.0014372051927686869,1,0.7086870608125653,6.246456242192916,0.7086870608125653,6.246456242192916,0.16361632172184287,0.1591368758635083,0.6647198597599795,0.0
Sc,3d,21,-0.3437122,153,0.5,1e-06,0.6666666666666666,0.812050105147005,0.5068710244526289,0.034253569718975974,11.887171349956482,0.2554046341034048,0.2128046858543056,0.775225526428388,0.0014372051927686869,1,0.1919614129300271,0.5068710244526289,0.034257084523383274,11.887171349956482,0.08356433003460627,0.08162901920880945,0.17990992162091188,0.0
Ti,1s,22,-183.2727593,0,0.5,1e-06,0.6666666666666666,nan,nan,nan,nan,nan,nan,nan,0.0015062342674347917,1,nan,nan,nan,nan,nan,nan,nan,0.0
Ti,2s,22,-21.4229135,58,0.5,1e-06,0.6666666666666666,8.965001708532457,1.6546851216875216,8.965001708532457,1.6546851216875216,0.48890030496327824,0.4645450660137695,8.611474515732027,0.0015062342674347917,1,8.931009755708684,1.6546851216875216,8.931009755708684,1.6546851216875216,0.8719952299113298,0.8568282057094171,8.576398620157944,0.0
Ti,3s,22,-2.8733981,106,0.5,1e-06,0.6666666666666666,0.5185364348401738,0.5068710244526289,0.17481679766285696,4.481301014330418,0.12762246540741387,0.08289784236610404,0.46885010432567364,0.0015062342674347917,1,0.22533925858931347,0.5068710244526289,0.17388658598911322,4.481301014330418,0.04350988871894898,0.03289844121167095,0.18904893477741672,0.0
Ti,4s,22,-0.220788,171,0.5,1e-06,0.6666666666666666,4.916845377980358,1.2374124321307347,0.015819334296333337,17.27176841135347,0.23350391415981328,0.1929208436959678,1.9419470929464733,0.0015062342674347917,1,4.4960135686851705,1.2374124321307347,0.015409110875971327,17.27176841135347,0.10450271324440484,0.08306155685939597,1.7859308454537166,0.0
Ti,2p,22,-17.7911882,58,0.5,1e-06,0.6666666666666666,4.379165522845229,1.6546851216875216,4.379165522845229,1.6546851216875216,0.5858610085575566,0.5725402324481964,4.15936726433249,0.0015062342674347917,1,4.345173596306482,1.6546851216875216,4.345173596306482,1.6546851216875216,0.9771712436789652,0.971139668522016,4.124291402282011,0.0
Ti,3p,22,-1.7950876,118,0.5,1e-06,0.6666666666666666,0.7879195798741527,5.7487881644159,0.7879195798741527,5.7487881644159,0.25923934919885944,0.23635439613554685,0.7388588792038605,0.0015062342674347917,1,0.7877263717047622,5.7487881644159,0.7877263717047622,5.7487881644159,0.17109225272731396,0.168617489571325,0.7386292106076489,0.0
Ti,3d,22,-0.4406565,145,0.5,1e-06,0.6666666666666666,0.67911917472167,0.5068710244526289,0.023163374862729125,10.06847579778219,0.21948284365057277,0.18174299707169436,0.647422491469862,0.0015062342674347917,1,0.13886368696499574,0.5068710244526289,0.02316489962514856,10.06847579778219,0.06380036720776215,0.05973739021630124,0.1294472759066639,0.0
V,1s,23,-201.502832,0,0.5,1e-06,0.6666666666666666,nan,nan,nan,nan,nan,nan,nan,0.001579010673754766,1,nan,nan,nan,nan,nan,nan,nan,0.0
V,2s,23,-23.8746533,56,0.5,1e-06,0.6666666666666666,10.510297761282594,1.5874010519681985,10.510297761282594,1.5874010519681985,0.7015963327374392,0.6763859374573057,10.12866025802093,0.001579010673754766,1,10.475738433396067,1.5874010519681985,10.475738433396067,1.5874010519681985,1.0976372062694444,1.0756875615963302,10.09301803804531,0.0
V,3s,23,-3.1831854,103,0.5,1e-06,0.6666666666666666,0.3847644624715141,0.5068710244526289,0.20915975117110408,4.210765633798113,0.12130770303925022,0.08741942415919103,0.35612530310990226,0.001579010673754766,1,0.20811782456242023,4.210765633798113,0.20811782456242023,4.210765633798113,0.050701566629044806,0.04634920368183438,0.20402061179095607,0.0
V,4s,23,-0.2305788,169,0.5,1e-06,0.6666666666666666,6.9992948657938525,1.1627100539304385,0.01763612949329832,16.569450577746352,0.24729204630216292,0.20458353623450387,1.9454931250856005,0.001579010673754766,1,6.548016949640448,1.1627100539304385,0.01717231827709445,16.569450577746352,0.11562100849269007,0.09194646159182282,1.8278309601500986,0.0
V,2p,23,-20.0224908,56,0.5,1e-06,0.6666666666666666,5.969879203151981,1.5874010519681985,5.969879203151981,1.5874010519681985,0.7745662221675567,0.7628795664019896,5.7045412184281235,0.001579010673754766,1,5.935319693574469,1.5874010519681985,5.935319693574469,1.5874010519681985,1.1756904911887816,1.1655607644113737,5.668898819102692,0.0
V,3p,23,-2.0192251,115,0.5,1e-06,0.6666666666666666,0.8902138634899897,5.401734800072275,0.8902138634899897,5.401734800072275,0.2530533213493408,0.23465902378280715,0.8353831536430256,0.001579010673754766,1,0.8899869731720267,5.401734800072275,0.8899869731720267,5.401734800072275,0.1770189897890779,0.17537393198270637,0.8351160806148646,0.0
V,3d,23,-0.5096201,141,0.5,1e-06,0.6666666666666666,0.59116075023287,0.5068710244526289,0.026512605366113606,9.266299523404324,0.19923088223705016,0.16685909586007344,0.563198523157737,0.001579010673754766,1,0.11034674122887012,0.5068710244526289,0.026512890163534364,9.266299523404324,0.059836639812342246,0.05248262480521497,0.10325010393417206,0.0
Cr,1s,24,-220.3864068,0,0.5,1e-06,0.6666666666666666,nan,nan,nan,nan,nan,nan,nan,0.001651448801187172,1,nan,nan,nan,nan,nan,nan,nan,0.0
Cr,2s,24,-26.2096369,54,0.5,1e-06,0.6666666666666666,12.584556133519342,1.5228529384611231,12.584556133519342,1.5228529384611231,0.9599316512526928,0.9266589609429091,12.15399103790865,0.001651448801187172,1,12.556056984363401,1.5228529384611231,12.556056984363401,1.5228529384611231,1.3509999670622053,1.3176895668518043,12.124500930274719,0.0
Cr,3s,24,-3.2851612,102,0.5,1e-06,0.6666666666666666,0.3503901132595857,0.5068710244526289,0.19991099313005956,4.124266501436902,0.14258622064848808,0.11254724498326328,0.33317899138818147,0.001651448801187172,1,0.22362561446756546,3.875285233761548,0.19925985453719308,4.124266501436902,0.07657355900438728,0.07042422557977812,0.22333638451094473,0.0
Cr,4s,24,-0.2220501,170,0.5,1e-06,0.6666666666666666,2.8440571605622305,1.1154310500241067,0.018296964368013424,16.91696524445804,0.23097778046681325,0.19416533958473076,1.2812032948083774,0.001651448801187172,1,2.3491618648659705,1.1154310500241067,0.017903354159445883,16.91696524445804,0.10581311513804803,0.0896342415595659,1.1068123730421986,0.0
Cr,2p,24,-22.1398569,54,0.5,1e-06,0.6666666666666666,8.26389276987612,1.5228529384611231,8.26389276987612,1.5228529384611231,0.9963770525908803,0.9788266524560703,7.934999557919752,0.001651448801187172,1,8.235393715919491,1.5228529384611231,8.235393715919491,1.5228529384611231,1.3905986505557915,1.3709717318307557,7.905509550028835,0.0
Cr,3p,24,-2.0509322,114,0.5,1e-06,0.6666666666666666,0.8081661914778306,5.2907703308790195,0.8081661914778306,5.2907703308790195,0.25762811549859244,0.24008834107811608,0.7622960303463119,0.001651448801187172,1,0.8080198272581132,5.2907703308790195,0.8080198272581132,5.2907703308790195,0.18087647712908284,0.1788078621336592,0.7621247908068308,0.0
Cr,3d,24,-0.3736058,148,0.5,1e-06,0.6666666666666666,0.5977712529645469,0.5068710244526289,0.026958497495701894,10.715360276336359,0.2094326771802382,0.1813977047085701,0.5684346041581128,0.001651448801187172,1,0.10725405281308564,2.036380138391496,0.026962163333564493,10.715360276336359,0.06711908283315736,0.05114111407551156,0.10717414817159576,0.0
Mn,1s,25,-240.5339914,0,0.5,1e-06,0.6666666666666666,nan,nan,nan,nan,nan,nan,nan,0.0017229159069351851,1,nan,nan,nan,nan,nan,nan,nan,0.0
Mn,2s,25,-29.1094747,51,0.5,1e-06,0.6666666666666666,12.835204436313308,1.4309185654110095,12.835204436313308,1.4309185654110095,1.1876058617080771,1.1417502747584678,12.422879021582691,0.0017229159069351851,1,12.797200198286237,1.4309185654110095,12.797200198286237,1.4309185654110095,1.5848602138526733,1.537579140631825,12.38376473875152,0.0
Mn,3s,25,-3.8166459,98,0.5,1e-06,0.6666666666666666,0.25764260238712566,0.5068710244526289,0.25050047558555333,3.795677666035139,0.11856446569122303,0.10044658219797019,0.2507147393896005,0.0017229159069351851,1,0.24927445912425084,3.795677666035139,0.24927445912425084,3.795677666035139,0.07841551983404989,0.07690339587653632,0.23907356097921068,0.0
Mn,4s,25,-0.2478707,166,0.5,1e-06,0.6666666666666666,4.796737405633147,1.0480926671279738,0.02186810016512375,15.56915566273684,0.2721665427333901,0.2253475339182384,2.420683472768017,0.0017229159069351851,1,4.288791758236057,1.0480926671279738,0.021349051421953424,15.56915566273684,0.13387422588424103,0.10625249567898093,2.282574259003538,0.0
Mn,2p,25,-24.8125892,51,0.5,1e-06,0.6666666666666666,8.6858897200067,1.4309185654110095,8.6858897200067,1.4309185654110095,1.1980624541372762,1.1720207781393774,8.347794436684444,0.0017229159069351851,1,8.647885665884559,1.4309185654110095,8.647885665884559,1.4309185654110095,1.5974976115933195,1.5675703563708638,8.308680342897649,0.0
Mn,3p,25,-2.479531,109,0.5,1e-06,0.6666666666666666,0.985987643895085,4.769217887561404,0.985987643895085,4.769217887561404,0.23776398768520368,0.22597041598718434,0.9249923555211574,0.0017229159069351851,1,0.9856588233181838,4.769217887561404,0.9856588233181838,4.769217887561404,0.18504154783678453,0.1838144882565488,0.9246128187748063,0.0
Mn,3d,25,-0.6388473,134,0.5,1e-06,0.6666666666666666,0.4320747583109803,0.5068710244526289,0.04312659329053625,8.013198310005949,0.1452124414621089,0.12208117719594451,0.40703990684766195,0.0017229159069351851,1,0.09186374838789557,1.9134442155676485,0.043124145400966096,8.013198310005949,0.0535979203116444,0.02269875877192326,0.09181147672489215,0.0
Fe,1s,26,-261.3734219,0,0.5,1e-06,0.6666666666666666,nan,nan,nan,nan,nan,nan,nan,0.0017951093152461794,1,nan,nan,nan,nan,nan,nan,nan,0.0
Fe,2s,26,-31.9355217,48,0.5,1e-06,0.6666666666666666,13.464747665581779,1.3445342548355126,13.464747665581779,1.3445342548355126,1.4149562218771246,1.3490323485105218,13.037260864923358,0.0017951093152461794,1,13.423090000523153,1.3445342548355126,13.423090000523153,1.3445342548355126,1.805280911715812,1.7378655913476682,12.994446675856807,0.0
Fe,3s,26,-4.1694393,96,0.5,1e-06,0.6666666666666666,0.31546572365565284,3.641334922895508,0.31546572365565284,3.641334922895508,0.09320716517108071,0.07997875902181038,0.3008708295653541,0.0017951093152461794,1,0.3142136399118791,3.641334922895508,0.3142136399118791,3.641334922895508,0.06460848078998492,0.06358392767402074,0.29948765124672994,0.0
Fe,4s,26,-0.2581805,165,0.5,1e-06,0.6666666666666666,53.5072316244503,0.9848194909615314,0.02480282855808355,15.249328207697797,0.27779614594958224,0.23185477095206333,2.1319771592285126,0.0017951093152461794,1,54.05146082310442,0.9848194909615314,0.024307420698996468,15.249328207697797,0.13626406222528112,0.10859428421670306,1.9960101919246291,0.0
Fe,2p,26,-27.4137116,49,0.5,1e-06,0.6666666666666666,10.447928131651894,1.3727334622418943,10.447928131651894,1.3727334622418943,1.3863040686952957,1.3429299851464003,10.076201204130713,0.0017951093152461794,1,10.408596260867041,1.3727334622418943,10.408596260867041,1.3727334622418943,1.7782228525588564,1.7306468715086485,10.035753069147209,0.0
Fe,3p,26,-2.7421982,107,0.5,1e-06,0.6666666666666666,1.1533203653956003,4.575288308666017,1.1533203653956003,4.575288308666017,0.20064085052887362,0.19187907052126885,1.0877961215839655,0.0017951093152461794,1,1.1529808088480746,4.575288308666017,1.1529808088480746,4.575288308666017,0.15829193499839228,0.15726644813495644,1.0874057917314106,0.0
Fe,3d,26,-0.6468876,133,0.5,1e-06,0.6666666666666666,0.4066281235122826,0.5068710244526289,0.03971026694995039,7.848588174573476,0.157127604064093,0.1414041081401188,0.38303777202874917,0.0017951093152461794,1,0.10932576184386134,1.7248211147014536,0.039708471499816045,7.848588174573476,0.06452556351050905,0.04509085654293948,0.10926890967623569,0.0
Co,1s,27,-283.0655047,0,0.5,1e-06,0.6666666666666666,nan,nan,nan,nan,nan,nan,nan,0.0018679882119450042,1,nan,nan,nan,nan,nan,nan,nan,0.0
Co,2s,27,-34.8683343,46,0.5,1e-06,0.6666666666666666,14.91902816108119,1.2898617764547862,14.91902816108119,1.2898617764547862,1.6485120058493192,1.5547687879609593,14.467686404822391,0.0018679882119450042,1,14.875909869753084,1.2898617764547862,14.875909869753084,1.2898617764547862,2.02829837513266,1.9339196877334959,14.423410478739498,0.0
Co,3s,27,-4.5242891,94,0.5,1e-06,0.6666666666666666,0.36360194292577264,3.4932681822133644,0.36360194292577264,3.4932681822133644,0.07069728343930809,0.062274991716746525,0.345519973275911,0.0018679882119450042,1,0.36230158266992385,3.4932681822133644,0.36230158266992385,3.4932681822133644,0.054512034505795885,0.052772627784478554,0.34408787776346245,0.0
Co,4s,27,-0.2674203,164,0.5,1e-06,0.6666666666666666,8.094496841786802,0.944774008940622,0.02758886554311213,14.936070768606507,0.2828207699873762,0.23759921894703204,2.298371833858336,0.0018679882119450042,1,7.52574405896621,0.944774008940622,0.027105716765551846,14.936070768606507,0.13761100902387244,0.10974875829242584,2.1916295415336156,0.0
Co,2p,27,-30.1201739,47,0.5,1e-06,0.6666666666666666,12.272181494755245,1.3169143261603808,12.272181494755245,1.3169143261603808,1.5743228204622253,1.5043356547002344,11.870114066003898,0.0018679882119450042,1,12.231493114458175,1.3169143261603808,12.231493114458175,1.3169143261603808,1.955087289125239,1.881791703051037,11.828307857692177,0.0
Co,3p,27,-3.0062447,104,0.5,1e-06,0.6666666666666666,1.2374364982731827,4.299078931150038,1.2374364982731827,4.299078931150038,0.1631172686271906,0.15720038587995938,1.1669816558940125,0.0018679882119450042,1,1.237028404637764,4.299078931150038,1.237028404637764,4.299078931150038,0.1311965305644408,0.12987987251102487,1.1665166135972103,0.0
Co,3d,27,-0.6754181,132,0.5,1e-06,0.6666666666666666,0.34634720670263164,0.5068710244526289,0.042373069038118716,7.68735952249371,0.14217758244514234,0.13131508946135695,0.32380537658511505,0.0018679882119450042,1,0.11224696583491633,1.6546851216875216,0.042371419336426575,7.68735952249371,0.06594577700854914,0.039103422346229974,0.11218303673997898,0.0
Ni,1s,28,-305.6190343,0,0.5,1e-06,0.6666666666666666,nan,nan,nan,nan,nan,nan,nan,0.0019386508204561892,1,nan,nan,nan,nan,nan,nan,nan,0.0
Ni,2s,28,-37.9178317,44,0.5,1e-06,0.6666666666666666,16.377768816914898,1.2374124321307347,16.377768816914898,1.2374124321307347,1.8852200912877568,1.7548553438588044,15.905486682531194,0.0019386508204561892,1,16.333031753471165,1.2374124321307347,16.333031753471165,1.2374124321307347,2.2520470646720905,2.122676513965253,15.85959169643204,0.0
Ni,3s,28,-4.8878363,92,0.5,1e-06,0.6666666666666666,0.4065751962421684,3.351222244385247,0.4065751962421684,3.351222244385247,0.05210520035851809,0.04826376679930018,0.3859792222939017,0.0019386508204561892,1,0.4052127824622067,3.351222244385247,0.4052127824622067,3.351222244385247,0.04966633646810229,0.04561263938210833,0.3844835831539572,0.0
Ni,4s,28,-0.2762501,162,0.5,1e-06,0.6666666666666666,5.077483191159304,0.9063568868831423,0.030213583828146623,14.328728855782176,0.2879045467792516,0.2432621624748083,2.7772584962753695,0.0019386508204561892,1,4.482450574502922,0.9063568868831423,0.02965574823730152,14.328728855782176,0.1387634936367902,0.1108595397976782,2.6625661944712404,0.0
Ni,2p,28,-32.9417364,45,0.5,1e-06,0.6666666666666666,14.110436450137431,1.26336495040641,14.110436450137431,1.26336495040641,1.7595451484215174,1.6508009975608648,13.681541546106068,0.0019386508204561892,1,14.068241935130406,1.26336495040641,14.068241935130406,1.26336495040641,2.1264188498223215,2.0165376625187212,13.63822835301178,0.0
Ni,3p,28,-3.277678,102,0.5,1e-06,0.6666666666666666,1.3840424572388335,4.124266501436902,1.3840424572388335,4.124266501436902,0.12650383670829052,0.12310763419951434,1.308770030624911,0.0019386508204561892,1,1.3836076381041549,4.124266501436902,1.3836076381041549,4.124266501436902,0.10557381855694034,0.1030471011067244,1.3082768100613746,0.0
Ni,3d,28,-0.7069318,130,0.5,1e-06,0.6666666666666666,0.27811017263768356,0.5068710244526289,0.04291410405452689,7.374770240527201,0.12140021941205417,0.11415396425641633,0.25700839719246815,0.0019386508204561892,1,0.11220417825542595,1.6206939571809675,0.042912125573431936,7.374770240527201,0.06871861009351518,0.02618151515390154,0.11213946366683265,0.0
Cu,1s,29,-328.7929776,0,0.5,1e-06,0.6666666666666666,nan,nan,nan,nan,nan,nan,nan,0.002011079444994124,1,nan,nan,nan,nan,nan,nan,nan,3.552713678800501e-15
Cu,2s,29,-40.8189561,42,0.5,1e-06,0.6666666666666666,18.128478841047958,1.1870958230890514,18.128478841047958,1.1870958230890514,2.1224880109593256,1.938296820714317,17.6304030961872,0.002011079444994124,1,18.088447718203476,1.1870958230890514,18.088447718203476,1.1870958230890514,2.4657328499829703,2.2848664435287347,17.589276896322563,3.552713678800501e-15
Cu,3s,29,-5.0119792,92,0.5,1e-06,0.6666666666666666,1.1635588840267785,3.351222244385247,1.1635588840267785,3.351222244385247,0.04171721407582411,0.0342266163521478,1.0755536402178183,0.002011079444994124,1,1.162582949828781,3.351222244385247,1.162582949828781,3.351222244385247,0.03210786984633476,0.026533856380507762,1.0744881115880316,3.552713678800501e-15
Cu,4s,29,-0.2384929,166,0.5,1e-06,0.6666666666666666,2.5970313223037778,0.8877381626075078,0.030106586262821672,15.895690928087461,0.27326950072228817,0.2283317395084885,1.4559238305507614,0.002011079444994124,1,1.9424413015384943,0.8877381626075078,0.029683566188124594,15.895690928087461,0.12401342355280677,0.10157232008690355,1.237440205071884,3.552713678800501e-15
Cu,2p,29,-35.617944,43,0.5,1e-06,0.6666666666666666,16.62612429956983,1.2119930402526504,16.62612429956983,1.2119930402526504,1.9343560922867782,1.7567335669888728,16.163995632587437,0.002011079444994124,1,16.588600757407505,1.2119930402526504,16.588600757407505,1.2119930402526504,2.2753328978603022,2.100944601409742,16.12541889717105,3.552713678800501e-15
Cu,3p,29,-3.3248203,101,0.5,1e-06,0.6666666666666666,1.3747827966134343,4.039544266806399,1.3747827966134343,4.039544266806399,0.0805526131732397,0.07617464706092722,1.3084415791016148,0.002011079444994124,1,1.374404284711099,4.039544266806399,1.374404284711099,4.039544266806399,0.0563245122407234,0.051105447242942116,1.3080178182859132,3.552713678800501e-15
Cu,3d,29,-0.4912314,137,0.5,1e-06,0.6666666666666666,0.25461434424136975,0.5068710244526289,0.009357192803504055,8.528034290588131,0.13091696400574904,0.12591927449970644,0.23294460957742813,0.002011079444994124,1,0.1334630865432752,1.7979299135088127,0.009358347730696603,8.528034290588131,0.09022104717627905,0.0178246420360581,0.1333923606180318,3.552713678800501e-15
Zn,1s,30,-353.3045393,0,0.5,1e-06,0.6666666666666666,nan,nan,nan,nan,nan,nan,nan,0.0020824217392743094,1,nan,nan,nan,nan,nan,nan,nan,3.552713678800501e-15
Zn,2s,30,-44.3617197,40,0.5,1e-06,0.6666666666666666,19.158562232889558,1.1388252264194063,19.158562232889558,1.1388252264194063,2.3564207943855213,2.1161441267974186,18.645605757647616,0.0020824217392743094,1,19.110097134633904,1.1388252264194063,19.110097134633904,1.1388252264194063,2.692026383287137,2.458245342760531,18.59598558107028,3.552713678800501e-15
Zn,3s,30,-5.6378145,88,0.5,1e-06,0.6666666666666666,0.4793399078332854,3.084223442520387,0.4793399078332854,3.084223442520387,0.03634863897478202,0.0351833630507082,0.4599619267156478,0.0020824217392743094,1,0.4778100863557526,3.084223442520387,0.4778100863557526,3.084223442520387,0.05672800547276964,0.04556180449984399,0.45829368669861953,3.552713678800501e-15
Zn,4s,30,-0.2925066,160,0.5,1e-06,0.6666666666666666,6.0034564936854435,0.8170102285879015,0.03592765970838652,13.746083143504,0.29846521368248663,0.25449127002180094,3.0558944281035627,0.0020824217392743094,1,6.674270438677094,0.8170102285879015,0.035357018843689914,13.746083143504,0.14030620282910655,0.11288907263234572,2.4937162051148354,3.552713678800501e-15
Zn,2p,30,-38.9248387,41,0.5,1e-06,0.6666666666666666,17.82401993121447,1.1627100539304385,17.82401993121447,1.1627100539304385,2.1102882651023926,1.8667248930149838,17.356407351755877,0.0020824217392743094,1,17.778348333519293,1.1627100539304385,17.778348333519293,1.1627100539304385,2.44187435713675,2.2063236208871193,17.309618356536983,3.552713678800501e-15
Zn,3p,30,-3.8393723,98,0.5,1e-06,0.6666666666666666,1.6602344567375438,3.795677666035139,1.6602344567375438,3.795677666035139,0.06147743389802317,0.06019546590386583,1.572616023355358,0.0020824217392743094,1,1.65972715748895,3.795677666035139,1.65972715748895,3.795677666035139,0.06531435448935255,0.053944071495755405,1.5720457964484598,3.552713678800501e-15
Zn,3d,30,-0.7825362,127,0.5,1e-06,0.6666666666666666,0.11103210349792791,1.4915699202771373,0.04648238593034071,6.929556614622749,0.0681350350584711,0.054390922432401546,0.11097940357660445,0.0020824217392743094,1,0.1524683533298834,0.5740947292584347,0.046479784247730915,6.929556614622749,0.09890526115474399,-0.024989641101124654,0.1521510863080268,3.552713678800501e-15
Ga,1s,31,-378.8184251,0,0.5,1e-06,0.6666666666666666,nan,nan,nan,nan,nan,nan,nan,0.0021549876024202774,1,nan,nan,nan,nan,nan,nan,nan,0.0
Ga,2s,31,-48.1684272,38,0.5,1e-06,0.6666666666666666,19.533278162022267,1.0925174456046602,19.533278162022267,1.0925174456046602,2.59516247849561,2.2876597318922953,19.04554977659139,0.0021549876024202774,1,19.473569699214107,1.0925174456046602,19.473569699214107,1.0925174456046602,2.925600813891899,2.6287858894041616,18.984612016684373,0.0
Ga,3s,31,-6.3946593,85,0.5,1e-06,0.6666666666666666,0.546263993909891,2.898029397531969,0.546263993909891,2.898029397531969,0.06584176305145815,0.051701190117478646,0.4854346431145434,0.0021549876024202774,1,0.5436308277922706,2.898029397531969,0.5436308277922706,2.898029397531969,0.10107722888985504,0.08358063797107543,0.48259332296454027,0.0
Ga,4s,31,-0.4245903,153,0.5,1e-06,0.6666666666666666,10.957116262693846,0.7837883349108461,0.05993058665589229,11.887171349956482,0.3186161827508248,0.2795339347946416,3.100417274970618,0.0021549876024202774,1,10.316688935455725,0.7837883349108461,0.059937177928634566,11.887171349956482,0.17539808513616478,0.15564625820084063,3.092836237674116,0.0
Ga,2p,31,-42.4940323,38,0.5,1e-06,0.6666666666666666,17.490322412012837,1.0925174456046602,17.490322412012837,1.0925174456046602,2.2885425143653144,1.9698131075323364,17.027478585943204,0.0021549876024202774,1,17.43061392412327,1.0925174456046602,17.43061392412327,1.0925174456046602,2.6135435971987007,2.3084035379581547,16.966540803618127,0.0
Ga,3p,31,-4.4823707,94,0.5,1e-06,0.6666666666666666,1.661925350345442,3.4932681822133644,1.661925350345442,3.4932681822133644,0.06679697034813327,0.05673626642370465,1.5418175730304162,0.0021549876024202774,1,1.6608339338362392,3.4932681822133644,1.6608339338362392,3.4932681822133644,0.09218220369755138,0.07317514037455014,1.5406143957821354,0.0
Ga,4p,31,-0.2084987,170,0.5,1e-06,0.6666666666666666,13.665046661307564,0.8341455606229362,0.006812091780819207,16.91696524445804,0.2096198095916631,0.17413236329937937,3.0372309477248587,0.0021549876024202774,1,14.37357819977814,0.8341455606229362,0.006404390150448469,16.91696524445804,0.08286501314682722,0.06317717341902239,2.99992595441069,0.0
Ga,3d,31,-1.1933737,119,0.5,1e-06,0.6666666666666666,0.2594519180331364,5.869358740584324,0.2594519180331364,5.869358740584324,0.0662535262260246,-0.017418970194376843,0.24455883977509185,0.0021549876024202774,1,0.2594111115464862,5.869358740584324,0.2594111115464862,5.869358740584324,0.126184867912351,-0.06579987156883915,0.2445095458434971,0.0
Ge,1s,32,-405.2444503,0,0.5,1e-06,0.6666666666666666,nan,nan,nan,nan,nan,nan,nan,0.0022253289905407314,1,nan,nan,nan,nan,nan,nan,nan,0.0
Ge,2s,32,-52.150339,36,0.5,1e-06,0.6666666666666666,19.92070853622397,1.0480926671279738,19.92070853622397,1.0480926671279738,2.830298780174602,2.4483940188843047,19.444014378255012,0.0022253289905407314,1,19.8503270628754,1.0480926671279738,19.8503270628754,1.0480926671279738,3.1555657871729856,2.788796942946508,19.37232163002521,0.0
Ge,3s,32,-7.1910003,82,0.5,1e-06,0.6666666666666666,0.7662225926173623,2.7230758553914254,0.7662225926173623,2.7230758553914254,0.11333595514642836,0.0841194259605164,0.6661492513714199,0.0022253289905407314,1,0.7631342888453538,2.7230758553914254,0.7631342888453538,2.7230758553914254,0.16090816265154245,0.13723261504415962,0.6628090417227313,0.0
Ge,4s,32,-0.5533671,146,0.5,1e-06,0.6666666666666666,16.870763230870242,0.7364711663555963,0.07516072093243747,10.279644115931532,0.32574146902707,0.2879997825148673,3.7898457225972626,0.0022253289905407314,1,17.510407963518464,0.7364711663555963,0.07516937777521387,10.279644115931532,0.19090119967841734,0.1688376129634715,3.5859361256826103,0.0
Ge,2p,32,-46.2361639,36,0.5,1e-06,0.6666666666666666,18.17386057791174,1.0480926671279738,18.17386057791174,1.0480926671279738,2.4697721064185587,2.064849613998058,17.71072034495409,0.0022253289905407314,1,18.103479149093957,1.0480926671279738,18.103479149093957,1.0480926671279738,2.7876666217853088,2.4027434248652915,17.63902764355816,0.0
Ge,3p,32,-5.1616015,90,0.5,1e-06,0.6666666666666666,1.7787692179852352,3.2149522869288067,1.7787692179852352,3.2149522869288067,0.09588911228509807,0.06680590777517299,1.6403198072425977,0.0022253289905407314,1,1.7774293817847666,3.2149522869288067,1.7774293817847666,3.2149522869288067,0.13285807453171303,0.10577103671656002,1.6388396864621453,0.0
Ge,4p,32,-0.2873527,161,0.5,1e-06,0.6666666666666666,20.761106645315788,0.7837883349108461,0.003389603794588192,14.034382715043305,0.21860725227430483,0.1852370649163228,3.520396984918137,0.0022253289905407314,1,21.45529673669758,0.7837883349108461,0.0032417068186434417,14.034382715043305,0.09953999487169828,0.07586963837058726,3.6659942061508755,0.0
Ge,3d,32,-1.6348997,112,0.5,1e-06,0.6666666666666666,0.4425461098645256,5.07563298834418,0.4425461098645256,5.07563298834418,0.12943752786276377,-0.09302456136196575,0.41690718334863675,0.0022253289905407314,1,0.44248295918939995,5.07563298834418,0.44248295918939995,5.07563298834418,0.16503522953832014,-0.11269328017334299,0.41683111673697937,0.0
As,1s,33,-432.5862026,0,0.5,1e-06,0.6666666666666666,nan,nan,nan,nan,nan,nan,nan,0.002299093162143606,1,nan,nan,nan,nan,nan,nan,nan,0.0
As,2s,33,-56.3098277,34,0.5,1e-06,0.6666666666666666,20.42115417252746,1.005474322910658,20.42115417252746,1.005474322910658,3.0492818218466535,2.5968235389215852,19.94353425374516,0.002299093162143606,1,20.340399593674114,1.005474322910658,20.340399593674114,1.005474322910658,3.3700043843651546,2.936822876749944,19.86138678160429,0.0
As,3s,33,-8.0296221,80,0.5,1e-06,0.6666666666666666,1.0028780185742487,2.6123480659747256,1.0028780185742487,2.6123480659747256,0.17588631236509503,0.1356923791132596,0.8611190789766136,0.002299093162143606,1,0.9998364625190703,2.6123480659747256,0.9998364625190703,2.6123480659747256,0.23776161096567927,0.20946631554307804,0.8578139337410182,0.0
As,4s,33,-0.6858969,140,0.5,1e-06,0.6666666666666666,16.883154824376017,0.706524213516131,0.025653862693299723,9.075947711244547,0.3231411049772427,0.2849566487998248,4.197919397053854,0.002299093162143606,1,16.25674757531014,0.706524213516131,0.025664028068093203,9.075947711244547,0.19466687852854692,0.16889398661649688,4.35463773348588,0.0
As,2p,33,-50.1537452,34,0.5,1e-06,0.6666666666666666,18.477067077658965,1.005474322910658,18.477067077658965,1.005474322910658,2.683779759318278,2.1798686349732836,18.064174372091248,0.002299093162143606,1,18.396312663984354,1.005474322910658,18.396312663984354,1.005474322910658,2.994350379283005,2.5174011407831136,17.982027067755755,0.0
As,3p,33,-5.8806934,86,0.5,1e-06,0.6666666666666666,1.5000249522556781,2.9588103941907598,1.5000249522556781,2.9588103941907598,0.1406374810650827,0.09233155339356726,1.3767088177702709,0.002299093162143606,1,1.4984668274789086,2.9588103941907598,1.4984668274789086,2.9588103941907598,0.1880303031191008,0.15330821892599436,1.3749864312794933,0.0
As,4p,33,-0.3694825,153,0.5,1e-06,0.6666666666666666,14.678928247359998,0.7364711663555963,0.03593007019704614,11.887171349956482,0.21617077081700178,0.18277310240483063,4.804582314470817,0.002299093162143606,1,15.369920784855708,0.7364711663555963,0.03580971071964906,11.887171349956482,0.10526554829658742,0.0725635689260467,4.7791828487794845,0.0
As,3d,33,-2.1126572,107,0.5,1e-06,0.6666666666666666,0.6760446180102238,4.575288308666017,0.6760446180102238,4.575288308666017,0.20810661993723026,-0.17278840182851052,0.6379498766079748,0.002299093162143606,1,0.6759718382700124,4.575288308666017,0.6759718382700124,4.575288308666017,0.21309228386464135,-0.16578305957172992,0.6378621645926354,0.0
Se,1s,34,-460.8674045,0,0.5,1e-06,0.6666666666666666,nan,nan,nan,nan,nan,nan,nan,0.0023713074703266557,1,nan,nan,nan,nan,nan,nan,nan,0.0
Se,2s,34,-60.6688726,32,0.5,1e-06,0.6666666666666666,20.27681117346959,0.9645889583437024,20.27681117346959,0.9645889583437024,3.2906447522889937,2.7557190644969354,19.810091922212994,0.0023713074703266557,1,20.18516256385579,0.9645889583437024,20.18516256385579,0.9645889583437024,3.607429566768738,3.0961879250145787,19.716974602216524,0.0
Se,3s,34,-8.9321018,77,0.5,1e-06,0.6666666666666666,1.5310193411980668,2.454641057262016,1.5310193411980668,2.454641057262016,0.25344942558489486,0.2067194635810123,1.342055715894195,0.0023713074703266557,1,1.5274725914693734,2.454641057262016,1.5274725914693734,2.454641057262016,0.3320247776909541,0.3008417546139287,1.338210206790059,0.0
Se,4s,34,-0.8373814,136,0.5,1e-06,0.6666666666666666,10.096485453211875,0.66387146683662,0.08530183068891073,8.352848200685248,0.29645699654544316,0.2526057238251673,6.279560017252521,0.0023713074703266557,1,10.730735775367142,0.66387146683662,0.08531083846214071,8.352848200685248,0.16950612362781542,0.13522742664183607,5.884162055197834,0.0
Se,2p,34,-54.2689002,32,0.5,1e-06,0.6666666666666666,18.54957034007612,0.9645889583437024,18.54957034007612,0.9645889583437024,2.8896698900082423,2.2775269492725494,18.14836425020205,0.0023713074703266557,1,18.457921724540316,0.9645889583437024,18.457921724540316,0.9645889583437024,3.1937114766725627,2.615599438394274,18.05524692487993,0.0
Se,3p,34,-6.6615222,84,0.5,1e-06,0.6666666666666666,2.558382414990001,2.838496986981322,2.558382414990001,2.838496986981322,0.1928274615787432,0.13352447411790835,2.368242480315091,0.0023713074703266557,1,2.5567796137346064,2.838496986981322,2.5567796137346064,2.838496986981322,0.2542966648643124,0.21599550259149267,2.3664701222151185,0.0
Se,4p,34,-0.4028543,149,0.5,1e-06,0.6666666666666666,10.99371791414896,0.706524213516131,0.060971161825726705,10.940095842410463,0.24173541682417557,0.2118129374794782,5.584446574001517,0.0023713074703266557,1,10.312413535642179,0.706524213516131,0.060831955203518584,10.940095842410463,0.12552252241384643,0.09664262378625164,5.725413997075611,0.0
Se,3d,34,-2.6496262,102,0.5,1e-06,0.6666666666666666,0.91857168765398,4.124266501436902,0.91857168765398,4.124266501436902,0.29424518956150414,-0.26168131970295616,0.8742253075226605,0.0023713074703266557,1,0.9184524448983336,4.124266501436902,0.9184524448983336,4.124266501436902,0.2694200929490362,-0.22950514129884478,0.8740839515339718,0.0
Br,1s,35,-490.0603389,0,0.5,1e-06,0.6666666666666666,nan,nan,nan,nan,nan,nan,nan,0.002440420451200964,1,nan,nan,nan,nan,nan,nan,nan,0.0
Br,2s,35,-65.1999591,30,0.5,1e-06,0.6666666666666666,19.47820051419363,0.9253661056854894,19.47820051419363,0.9253661056854894,3.532450845334578,2.9147628333557285,19.045767059062843,0.002440420451200964,1,19.37583791973644,0.9253661056854894,19.37583791973644,0.9253661056854894,3.845616815063165,3.2556169963357053,18.941869905924356,0.0
Br,3s,35,-9.8718922,75,0.5,1e-06,0.6666666666666666,2.3394207689535342,2.3548285685485775,2.3394207689535342,2.3548285685485775,0.35051291108349814,0.3010141816234281,2.0981664549135264,0.002440420451200964,1,2.335847270545173,2.3548285685485775,2.335847270545173,2.3548285685485775,0.4466117022952296,0.4141559002103362,2.0942877600017638,0.0
Br,4s,35,-0.9926803,132,0.5,1e-06,0.6666666666666666,31.368524134743954,0.6368766184066359,0.09809732300951246,7.68735952249371,0.26159108053468644,0.20992389825275554,5.390495845975586,0.002440420451200964,1,31.99539216262831,0.6368766184066359,0.09810656660171524,7.68735952249371,0.1386412890364654,0.09132083029838808,5.171948852790224,0.0
Br,2p,35,-58.5542228,30,0.5,1e-06,0.6666666666666666,18.37822007312341,0.9253661056854894,18.37822007312341,0.9253661056854894,3.0919670680213094,2.3667261601339873,17.984568035438322,0.002440420451200964,1,18.27585770360782,0.9253661056854894,18.27585770360782,0.9253661056854894,3.3895901532426187,2.705261297198614,17.880671108449867,0.0
Br,3p,35,-7.4782081,83,0.5,1e-06,0.6666666666666666,4.02192924674552,2.780187513613095,4.02192924674552,2.780187513613095,0.25818621498771455,0.19388337941537595,3.7985687776426498,0.002440420451200964,1,4.020550026276675,2.780187513613095,4.020550026276675,2.780187513613095,0.336183289446299,0.29642260938960213,3.7970365067125833,0.0
Br,4p,35,-0.4570857,144,0.5,1e-06,0.6666666666666666,5.084753995945202,0.6777949865366026,0.05898032558888483,10.06847579778219,0.2432524981121333,0.2151281344602799,3.6126922426249495,0.002440420451200964,1,5.000462984910065,0.6502339693183983,0.05882494516792752,10.06847579778219,0.12602525151197408,0.09585111122201123,3.671530310239363,0.0
Br,3d,35,-3.2201741,98,0.5,1e-06,0.6666666666666666,1.2013030925919417,3.795677666035139,1.2013030925919417,3.795677666035139,0.38705248561182026,-0.35649865079984006,1.1459611655080477,0.002440420451200964,1,1.2011534997032858,3.795677666035139,1.2011534997032858,3.795677666035139,0.3354141981299276,-0.30142019788115515,1.145785024260807,0.0
Kr,1s,36,-520.1654687,0,0.5,1e-06,0.6666666666666666,nan,nan,nan,nan,nan,nan,nan,0.002514659561953181,1,nan,nan,nan,nan,nan,nan,nan,0.0
Kr,2s,36,-69.9030823,28,0.5,1e-06,0.6666666666666666,18.1567125337028,0.8877381626075078,18.1567125337028,0.8877381626075078,3.780511765189516,3.077469442536664,17.779457605800424,0.002514659561953181,1,18.04364861803726,0.8877381626075078,18.04364861803726,0.8877381626075078,4.0901723225906705,3.418515362772889,17.66480631104708,0.0
Kr,3s,36,-10.8494654,74,0.5,1e-06,0.6666666666666666,3.619155574973158,2.3064547938592614,3.619155574973158,2.3064547938592614,0.47066202185191625,0.421160080808217,3.3163040039390057,0.002514659561953181,1,3.616004884820459,2.3064547938592614,3.616004884820459,2.3064547938592614,0.5842802645744138,0.5518376744256394,3.3128710750308867,0.0
Kr,4s,36,-1.1529352,127,0.5,1e-06,0.6666666666666666,5.420279456528328,0.6237936592243106,0.10932402755243154,7.074891702596329,0.22044543663288446,0.15748233957552524,4.576728354926262,0.002514659561953181,1,5.8197371913851,0.5984284852056333,0.10933522811752472,7.074891702596329,0.10983003744882222,0.0374632239245353,4.368896962064624,0.0
Kr,2p,36,-63.009785,28,0.5,1e-06,0.6666666666666666,18.334147951148843,0.8877381626075078,18.334147951148843,0.8877381626075078,3.3043143585148242,2.4649944305171316,17.93961969025433,0.002514659561953181,1,18.221084171226103,0.8877381626075078,18.221084171226103,0.8877381626075078,3.595939594374602,2.803805991273259,17.824968531227622,0.0
Kr,3p,36,-8.3315005,77,0.5,1e-06,0.6666666666666666,1.9851465419727683,2.454641057262016,1.9851465419727683,2.454641057262016,0.3471920467943663,0.2792753779217845,1.816786546935939,0.002514659561953181,1,1.982949803917884,2.454641057262016,1.982949803917884,2.454641057262016,0.44232673746438944,0.4006616891958197,1.8143723159557252,0.0
Kr,4p,36,-0.5241866,141,0.5,1e-06,0.6666666666666666,11.311439312651807,0.6237936592243106,0.05951789101921656,9.266299523404324,0.23349618040066827,0.2028964889020605,8.130869318318393,0.002514659561953181,1,12.01730342046671,0.6237936592243106,0.05934699601826787,9.266299523404324,0.12019683316023091,0.07987657475735321,7.845760663768993,0.0
Kr,3d,36,-3.8252344,94,0.5,1e-06,0.6666666666666666,1.4682180456385565,3.4932681822133644,1.4682180456385565,3.4932681822133644,0.48676391099069133,-0.4580844022026215,1.4082060505230358,0.002514659561953181,1,1.4680336043244078,3.4932681822133644,1.4680336043244078,3.4932681822133644,0.41148497978187915,-0.3823447783663392,1.407990169746777,0.0
