{
    "_comment": "手势控制参数配置文件 - 修改后刷新页面生效",
    "_version": "2.4",

    "=== 捏合检测 ===": "----------------------------------------",
    
    "pinchStartThreshold": {
        "value": 0.055,
        "description": "开始捏合的距离阈值（拇指与食指尖距离）",
        "note": "值越小要求捏得越紧才能触发，范围 0.03-0.08"
    },
    
    "pinchEndThreshold": {
        "value": 0.10,
        "description": "结束捏合的距离阈值（滞后，防抖动）",
        "note": "应大于 pinchStartThreshold，差值越大越不容易误松开"
    },

    "=== 旋转控制 ===": "----------------------------------------",
    
    "rotationSensitivity": {
        "value": 2.5,
        "description": "旋转灵敏度",
        "note": "值越大，手移动相同距离时旋转角度越大，范围 1.0-5.0"
    },
    
    "deadzone": {
        "value": 0.004,
        "description": "死区阈值（忽略的微小移动）",
        "note": "值越大，越能过滤抖动，但响应会变迟钝，范围 0.001-0.01"
    },
    
    "maxDelta": {
        "value": 0.12,
        "description": "单帧最大位移限幅",
        "note": "防止突然大幅度移动导致视角跳变，范围 0.05-0.2"
    },

    "=== 平滑滤波 (One Euro Filter) ===": "----------------------------------------",
    
    "minCutoff": {
        "value": 1.0,
        "description": "最小截止频率 (Hz)",
        "note": "值越小，慢速移动时越平滑（延迟越高）。推荐 0.5-1.0"
    },
    
    "beta": {
        "value": 0.007,
        "description": "速度系数",
        "note": "值越大，快速移动时响应越快（延迟越低）。推荐 0.005-0.01"
    },
    
    "dcutoff": {
        "value": 1.0,
        "description": "导数截止频率 (Hz)",
        "note": "用于计算速度的滤波频率。通常设为 1.0"
    },

    "=== 复位保护（解决拽回问题）===": "----------------------------------------",
    
    "resetProtection": {
        "value": true,
        "description": "是否启用复位保护",
        "note": "检测到手反向移动准备复位时，暂停响应"
    },
    
    "directionChangeThreshold": {
        "value": 0.75,
        "description": "方向变化检测阈值（余弦值）",
        "note": "当移动方向与上一帧夹角的余弦值小于此值时，认为在复位。-1到1之间，0.75表示约41度"
    },
    
    "resetCooldownFrames": {
        "value": 8,
        "description": "检测到复位后暂停响应的帧数",
        "note": "值越大，复位时越不会被拽回，但响应会变慢，范围 3-15"
    },
    
    "velocityDecayOnReset": {
        "value": 0.1,
        "description": "复位时惯性速度衰减系数",
        "note": "0-1之间，越小惯性消失越快"
    },

    "=== 释放缓冲 ===": "----------------------------------------",
    
    "releaseBufferFrames": {
        "value": 4,
        "description": "松开捏合后忽略的帧数",
        "note": "防止松开瞬间的抖动，范围 2-8"
    },

    "=== 惯性系统 ===": "----------------------------------------",
    
    "friction": {
        "value": 0.985,
        "description": "惯性阻尼系数",
        "note": "0-1之间，越大惯性持续越久。0.985表示每帧保留98.5%速度，会滑行很久"
    },
    
    "minVelocity": {
        "value": 0.00005,
        "description": "惯性停止阈值",
        "note": "速度低于此值时完全停止，值越小滑行越久"
    },
    
    "inertiaBoost": {
        "value": 1.5,
        "description": "惯性初始速度放大系数",
        "note": "松开时的速度会乘以此系数，让惯性更明显"
    },

    "=== 双手缩放 ===": "----------------------------------------",
    
    "zoomSensitivity": {
        "value": 2.5,
        "description": "缩放灵敏度",
        "note": "值越大，双手距离变化相同时缩放幅度越大"
    },
    
    "minHandsSeparation": {
        "value": 0.25,
        "description": "双手最小分离距离（屏幕比例）",
        "note": "两手中心距离必须大于此值才能触发缩放，防止单手误识别为双手"
    },
    
    "handsOverlapThreshold": {
        "value": 0.15,
        "description": "手部重叠判定阈值",
        "note": "两手边界框重叠面积超过此比例时，不触发缩放"
    }
}
